{
  "in_tif": "/data/dem_utm.tif",
  "out_glb": "/data/pilot_raw.glb",
  "grid": [
    464,
    418
  ],
  "vertices": 193952,
  "triangles": 386142,
  "centroid_utm10n": [
    500026.1739894803,
    5377480.675195119
  ],
  "local_bbox_min": [
    -18520.0,
    -377.3368225097656,
    -16680.0
  ],
  "local_bbox_max": [
    18520.0,
    717.4825439453125,
    16680.0
  ],
  "elev_min_m": -377.3368225097656,
  "elev_max_m": 717.4825439453125
}